status,year,report_code,message,period,period_detail,fs_div,total_assets,cash,receivables,inventory,ppe,total_liabilities,borrowings,equity,revenue,gross_profit,operating_income,pretax_income,net_income,controlling_net_income,interest_expense,depreciation,amortization,cfo,cfi,cff,raw_status
legacy_not_available_via_current_fnltt_api,2010,11011,OpenDART 정기보고서 재무 API의 공식 제공 범위는 2015년 이후입니다. 2010~2014는 원문/XBRL legacy 보정 수집 대상으로 표시합니다.,annual,annual,,,,,,,,,,,,,,,,,,,,,,
legacy_not_available_via_current_fnltt_api,2010,11012,OpenDART 정기보고서 재무 API의 공식 제공 범위는 2015년 이후입니다. 2010~2014는 원문/XBRL legacy 보정 수집 대상으로 표시합니다.,half_year,half_year,,,,,,,,,,,,,,,,,,,,,,
legacy_not_available_via_current_fnltt_api,2010,11013,OpenDART 정기보고서 재무 API의 공식 제공 범위는 2015년 이후입니다. 2010~2014는 원문/XBRL legacy 보정 수집 대상으로 표시합니다.,quarterly,quarterly_q1,,,,,,,,,,,,,,,,,,,,,,
legacy_not_available_via_current_fnltt_api,2010,11014,OpenDART 정기보고서 재무 API의 공식 제공 범위는 2015년 이후입니다. 2010~2014는 원문/XBRL legacy 보정 수집 대상으로 표시합니다.,quarterly,quarterly_q3,,,,,,,,,,,,,,,,,,,,,,
legacy_not_available_via_current_fnltt_api,2011,11011,OpenDART 정기보고서 재무 API의 공식 제공 범위는 2015년 이후입니다. 2010~2014는 원문/XBRL legacy 보정 수집 대상으로 표시합니다.,annual,annual,,,,,,,,,,,,,,,,,,,,,,
legacy_not_available_via_current_fnltt_api,2011,11012,OpenDART 정기보고서 재무 API의 공식 제공 범위는 2015년 이후입니다. 2010~2014는 원문/XBRL legacy 보정 수집 대상으로 표시합니다.,half_year,half_year,,,,,,,,,,,,,,,,,,,,,,
legacy_not_available_via_current_fnltt_api,2011,11013,OpenDART 정기보고서 재무 API의 공식 제공 범위는 2015년 이후입니다. 2010~2014는 원문/XBRL legacy 보정 수집 대상으로 표시합니다.,quarterly,quarterly_q1,,,,,,,,,,,,,,,,,,,,,,
legacy_not_available_via_current_fnltt_api,2011,11014,OpenDART 정기보고서 재무 API의 공식 제공 범위는 2015년 이후입니다. 2010~2014는 원문/XBRL legacy 보정 수집 대상으로 표시합니다.,quarterly,quarterly_q3,,,,,,,,,,,,,,,,,,,,,,
legacy_not_available_via_current_fnltt_api,2012,11011,OpenDART 정기보고서 재무 API의 공식 제공 범위는 2015년 이후입니다. 2010~2014는 원문/XBRL legacy 보정 수집 대상으로 표시합니다.,annual,annual,,,,,,,,,,,,,,,,,,,,,,
legacy_not_available_via_current_fnltt_api,2012,11012,OpenDART 정기보고서 재무 API의 공식 제공 범위는 2015년 이후입니다. 2010~2014는 원문/XBRL legacy 보정 수집 대상으로 표시합니다.,half_year,half_year,,,,,,,,,,,,,,,,,,,,,,
legacy_not_available_via_current_fnltt_api,2012,11013,OpenDART 정기보고서 재무 API의 공식 제공 범위는 2015년 이후입니다. 2010~2014는 원문/XBRL legacy 보정 수집 대상으로 표시합니다.,quarterly,quarterly_q1,,,,,,,,,,,,,,,,,,,,,,
legacy_not_available_via_current_fnltt_api,2012,11014,OpenDART 정기보고서 재무 API의 공식 제공 범위는 2015년 이후입니다. 2010~2014는 원문/XBRL legacy 보정 수집 대상으로 표시합니다.,quarterly,quarterly_q3,,,,,,,,,,,,,,,,,,,,,,
legacy_not_available_via_current_fnltt_api,2013,11011,OpenDART 정기보고서 재무 API의 공식 제공 범위는 2015년 이후입니다. 2010~2014는 원문/XBRL legacy 보정 수집 대상으로 표시합니다.,annual,annual,,,,,,,,,,,,,,,,,,,,,,
legacy_not_available_via_current_fnltt_api,2013,11012,OpenDART 정기보고서 재무 API의 공식 제공 범위는 2015년 이후입니다. 2010~2014는 원문/XBRL legacy 보정 수집 대상으로 표시합니다.,half_year,half_year,,,,,,,,,,,,,,,,,,,,,,
legacy_not_available_via_current_fnltt_api,2013,11013,OpenDART 정기보고서 재무 API의 공식 제공 범위는 2015년 이후입니다. 2010~2014는 원문/XBRL legacy 보정 수집 대상으로 표시합니다.,quarterly,quarterly_q1,,,,,,,,,,,,,,,,,,,,,,
legacy_not_available_via_current_fnltt_api,2013,11014,OpenDART 정기보고서 재무 API의 공식 제공 범위는 2015년 이후입니다. 2010~2014는 원문/XBRL legacy 보정 수집 대상으로 표시합니다.,quarterly,quarterly_q3,,,,,,,,,,,,,,,,,,,,,,
legacy_not_available_via_current_fnltt_api,2014,11011,OpenDART 정기보고서 재무 API의 공식 제공 범위는 2015년 이후입니다. 2010~2014는 원문/XBRL legacy 보정 수집 대상으로 표시합니다.,annual,annual,,,,,,,,,,,,,,,,,,,,,,
legacy_not_available_via_current_fnltt_api,2014,11012,OpenDART 정기보고서 재무 API의 공식 제공 범위는 2015년 이후입니다. 2010~2014는 원문/XBRL legacy 보정 수집 대상으로 표시합니다.,half_year,half_year,,,,,,,,,,,,,,,,,,,,,,
legacy_not_available_via_current_fnltt_api,2014,11013,OpenDART 정기보고서 재무 API의 공식 제공 범위는 2015년 이후입니다. 2010~2014는 원문/XBRL legacy 보정 수집 대상으로 표시합니다.,quarterly,quarterly_q1,,,,,,,,,,,,,,,,,,,,,,
legacy_not_available_via_current_fnltt_api,2014,11014,OpenDART 정기보고서 재무 API의 공식 제공 범위는 2015년 이후입니다. 2010~2014는 원문/XBRL legacy 보정 수집 대상으로 표시합니다.,quarterly,quarterly_q3,,,,,,,,,,,,,,,,,,,,,,
ok,2015,11011,,annual,annual,CFS,2418707598483.0,168848965150.0,210204844440.0,172989712761.0,1132997955988.0,772235674267.0,152076832687.0,1646471924216.0,2181623581013.0,672000672728.0,118287932843.0,153524943684.0,117412115846.0,,12543350336.0,,,201851914364.0,-167657609000.0,18251697536.0,
api_error,2015,11012,조회된 데이타가 없습니다.,half_year,half_year,,,,,,,,,,,,,,,,,,,,,,013
api_error,2015,11013,조회된 데이타가 없습니다.,quarterly,quarterly_q1,,,,,,,,,,,,,,,,,,,,,,013
api_error,2015,11014,조회된 데이타가 없습니다.,quarterly,quarterly_q3,,,,,,,,,,,,,,,,,,,,,,013
ok,2016,11011,,annual,annual,CFS,2481287283853.0,179380603913.0,222704200919.0,169177643046.0,1092482544162.0,678899069365.0,99104940833.0,1802388214488.0,2217015272133.0,713304745561.0,89702883680.0,233293199680.0,199229661284.0,,13415767576.0,,,220960820949.0,-134504675903.0,-77153709236.0,
ok,2016,11012,,half_year,half_year,CFS,2467801127650.0,185659589244.0,203705979329.0,160628918859.0,1117380571275.0,695927123773.0,109426543769.0,1771874003877.0,527220242805.0,168497842545.0,12417909658.0,20544544619.0,14842834810.0,,2298035507.0,,,166559426110.0,-86709077134.0,-63518003147.0,
ok,2016,11013,,quarterly,quarterly_q1,CFS,2523724358407.0,156918463715.0,209267405354.0,158649934214.0,1126041916120.0,761086546787.0,111956885178.0,1762637811620.0,568135617588.0,180908578128.0,32410995581.0,156242864876.0,143731948095.0,,4055259712.0,,,49282057310.0,-24022057972.0,-37258617738.0,
ok,2016,11014,,quarterly,quarterly_q3,CFS,2413742035536.0,179026672666.0,203865098793.0,159310693171.0,1084462106302.0,642569009943.0,84960347229.0,1771173025593.0,547724338455.0,179116481762.0,22760489483.0,31091499132.0,23100977130.0,,2570390249.0,,,188851059407.0,-97307197262.0,-81920726050.0,
ok,2017,11011,,annual,annual,CFS,2449898372957.0,155384211894.0,223144624762.0,172014293149.0,1122260575734.0,608800458106.0,68163802148.0,1841097914851.0,2208260639714.0,734369195246.0,96383975917.0,119433709944.0,90685628838.0,,10534664280.0,,,103437685255.0,-79187475618.0,-47041541254.0,
ok,2017,11012,,half_year,half_year,CFS,2448767025847.0,185721299755.0,202072809597.0,163570968233.0,1110911595793.0,637766038460.0,79574469817.0,1811000987387.0,536293587226.0,176410373057.0,18248787553.0,22760328538.0,15816088485.0,,1718496560.0,,,87021192165.0,-41864509817.0,-38289826861.0,
ok,2017,11013,,quarterly,quarterly_q1,CFS,2452914625149.0,199237993230.0,215828268503.0,170542585189.0,1064150606437.0,669710396061.0,80506335077.0,1783204229088.0,555370541380.0,187146555476.0,32462718669.0,40198060167.0,29769694397.0,,3287625518.0,,,33326768232.0,-1087760528.0,-12383659849.0,
ok,2017,11014,,quarterly,quarterly_q3,CFS,2510740637597.0,198967090925.0,236460010786.0,172291986181.0,1117039371165.0,660847005420.0,87044389093.0,1849893632177.0,571679660113.0,195507172134.0,31331219085.0,37561017736.0,29043711811.0,,2465181940.0,,,112068705776.0,-59595848302.0,-32115628054.0,
ok,2018,11011,,annual,annual,CFS,2532286534905.0,167718554051.0,196881151274.0,202442162119.0,1157817535995.0,634536236222.0,88290675533.0,1897750298683.0,2236436214583.0,671743356042.0,88559995736.0,112322316554.0,84301646697.0,,10303338346.0,,,146872696174.0,-128870981748.0,-5772483187.0,
ok,2018,11012,,half_year,half_year,CFS,2524797193741.0,172830277547.0,218963972812.0,186350441613.0,1132581331449.0,652510570897.0,83483949921.0,1872286622844.0,532769142964.0,152899520545.0,6462689608.0,11758842420.0,,,2791992413.0,,,82902796912.0,-54058709805.0,-11303810654.0,
ok,2018,11013,,quarterly,quarterly_q1,CFS,2506845747987.0,201117564240.0,231038873660.0,173839229671.0,1125384933488.0,645872786185.0,75746835038.0,1860972961802.0,563069517207.0,179702932318.0,34406292377.0,41818815933.0,,,2362623027.0,,,47311313660.0,-8560026075.0,7557565808.0,
ok,2018,11014,,quarterly,quarterly_q3,CFS,2525233527168.0,176251771593.0,219482820338.0,188681035359.0,1124789875117.0,648552431896.0,93543546865.0,1876681095272.0,566031529674.0,171613059441.0,21718304810.0,26354973317.0,,,3279692667.0,,,125717362275.0,-104956850188.0,29272714.0,
ok,2019,11011,,annual,annual,CFS,2653049874906.0,317796185342.0,210608471651.0,208388985969.0,1208287548782.0,712306478095.0,138843528561.0,1940743396811.0,2343942951727.0,717908498608.0,78816048821.0,103491938775.0,71068947413.0,,14143364594.0,,,162459540125.0,-30736184916.0,17777742608.0,
ok,2019,11012,,half_year,half_year,CFS,2646279702715.0,194317948974.0,222415640009.0,199977793199.0,1174281713588.0,722022241096.0,125631231532.0,1924257461619.0,568169933885.0,162345714712.0,8199061598.0,15724626083.0,,,3874415767.0,,,89007826091.0,-70438187175.0,7758439629.0,
ok,2019,11013,,quarterly,quarterly_q1,CFS,2626792229469.0,179278304875.0,244041307700.0,201759951602.0,1172745988648.0,708577692155.0,111336073540.0,1918214537314.0,588572424040.0,181565938841.0,31609039881.0,38279020394.0,,,2364376410.0,,,21170195739.0,-29183408647.0,19583180484.0,
ok,2019,11014,,quarterly,quarterly_q3,CFS,2707714339877.0,274399311941.0,216194189006.0,200307197328.0,1191073187871.0,760899166974.0,194671365246.0,1946815172903.0,589888811179.0,177542085600.0,18567079860.0,22260363801.0,,,7297944320.0,,,122036043353.0,-87574216952.0,71531348589.0,
ok,2020,11011,,annual,annual,CFS,2725528184628.0,321541825344.0,211492570419.0,228410803287.0,1271413955199.0,676564196659.0,71582663805.0,2048963987969.0,2639795633339.0,837195760804.0,160297491725.0,190552283976.0,149048288404.0,,15313138975.0,,,231491673657.0,-132012401004.0,-94282175620.0,
ok,2020,11012,,half_year,half_year,CFS,2792907589805.0,367529020988.0,198456016227.0,222268316822.0,1243412702518.0,773454946673.0,153483940488.0,2019452643132.0,668018466437.0,212252110487.0,41385728358.0,50147123623.0,,,533736944.0,,,199475913605.0,-131661688214.0,-17293253593.0,
ok,2020,11013,,quarterly,quarterly_q1,CFS,2784766166395.0,382451653204.0,221359449179.0,210732565294.0,1237532425031.0,790690212650.0,157554917094.0,1994075953745.0,687679703185.0,228245222478.0,63574665929.0,65006459080.0,,,11226193348.0,,,131423007152.0,-74528054666.0,9020957273.0,
ok,2020,11014,,quarterly,quarterly_q3,CFS,2822573846142.0,377684040815.0,227987827520.0,220928721911.0,1262432900382.0,774144483322.0,174346327753.0,2048429362820.0,651477844181.0,199952459749.0,29318064038.0,39549239911.0,,,-37488358.0,,,200100060149.0,-145156063298.0,5625666732.0,
ok,2021,11011,,annual,annual,CFS,2899907793800.0,157475655585.0,224004447811.0,256007782597.0,1427516995561.0,699140508273.0,82215490675.0,2200767285527.0,2662982988213.0,818112081258.0,106139720895.0,136816917866.0,99637362533.0,,7697506797.0,,,162684342404.0,-318880289115.0,-25294073852.0,
ok,2021,11012,,half_year,half_year,CFS,2794241417094.0,285879668632.0,214707896454.0,224303448754.0,1345791462239.0,692376238882.0,95744368056.0,2101865178212.0,647916103132.0,201714221159.0,17276767330.0,24672604686.0,,,2026480273.0,,,77116949156.0,-114763321511.0,-6723524254.0,
ok,2021,11013,,quarterly,quarterly_q1,CFS,2818478416220.0,331698825201.0,231040170244.0,221401466635.0,1326019673345.0,739972592156.0,92645490396.0,2078505824064.0,634417148367.0,191870597872.0,28308722145.0,38283405192.0,,,2147023898.0,,,44248786836.0,-61319007032.0,18912983262.0,
ok,2021,11014,,quarterly,quarterly_q3,CFS,2869188109800.0,270644643793.0,223899770959.0,242070734004.0,1401790060427.0,708617629219.0,96765369501.0,2160570480581.0,672995295669.0,208160778021.0,29115916659.0,35414729614.0,,,1819587338.0,,,120873175608.0,-179088975317.0,-9171308972.0,
ok,2022,11011,,annual,annual,CFS,3034718535547.0,127900573250.0,279227304177.0,296880553453.0,1527290891976.0,719378356883.0,20354830698.0,2315340178664.0,3129065208087.0,899562575003.0,112172856716.0,158840599107.0,116033570018.0,,22654996510.0,,,159650440148.0,-106876589926.0,-86199901815.0,
ok,2022,11012,,half_year,half_year,CFS,3009833779489.0,148897885465.0,241267730424.0,277271241271.0,1577074490721.0,734572696090.0,32553229087.0,2275261083399.0,756163605740.0,203236462863.0,4253399189.0,35365917591.0,,,7088333130.0,,,122837008291.0,-70839304998.0,-68049502490.0,
ok,2022,11013,,quarterly,quarterly_q1,CFS,2958151091886.0,164457704313.0,235473104824.0,250326552919.0,1457349719445.0,733011609051.0,54766829815.0,2225139482835.0,736304711112.0,214766809313.0,34322105440.0,43237109962.0,,,2721268593.0,,,89553882057.0,-64170826509.0,-21307221690.0,
ok,2022,11014,,quarterly,quarterly_q3,CFS,3111974472922.0,156334454397.0,263781234050.0,308414499394.0,1605573512105.0,754296600008.0,28329435092.0,2357677872914.0,813007870892.0,221847379386.0,27300256976.0,34630331163.0,,,6548661267.0,,,158776051184.0,-95748853752.0,-78787858126.0,
ok,2023,11011,,annual,annual,CFS,3234751426458.0,142899537581.0,292382383365.0,318234266905.0,1535128743343.0,793949665281.0,35898283055.0,2440801761177.0,3410559367259.0,1035239667910.0,212064743455.0,231128412605.0,171469224876.0,,15820660202.0,,,327223955699.0,-267358587600.0,-44848281331.0,
ok,2023,11012,,half_year,half_year,CFS,3165282786019.0,189913566301.0,278081788509.0,314424262566.0,1497912604762.0,767201779641.0,14754652711.0,2398081006378.0,837521658064.0,268166054872.0,53698552577.0,60007857401.0,,,4342543714.0,,,180894234553.0,-80227789977.0,-39638400923.0,
ok,2023,11013,,quarterly,quarterly_q1,CFS,3140478286171.0,186860558546.0,273027436782.0,294446942013.0,1519999240247.0,768263713596.0,14971181666.0,2372214572575.0,860386309724.0,264033716375.0,63753403383.0,70609656206.0,,,4513560397.0,,,113843432418.0,-50526660436.0,-8997528085.0,
ok,2023,11014,,quarterly,quarterly_q3,CFS,3248559321460.0,155654417586.0,302465802001.0,309773031554.0,1542483891100.0,782460949575.0,37469478662.0,2466098371885.0,855913210848.0,262138891159.0,55674910916.0,65570929468.0,,,3501138740.0,,,246851592219.0,-179311776056.0,-42421161825.0,
ok,2024,11011,,annual,annual,CFS,3597461570702.0,140894116584.0,308271886119.0,323189566831.0,1579766033199.0,924886441245.0,42840089901.0,2672575129457.0,3438730857998.0,965542188520.0,163073931930.0,217815906231.0,157630314203.0,,19152755746.0,,,272544275630.0,-381946565995.0,95086933564.0,
ok,2024,11012,,half_year,half_year,CFS,3387995924818.0,144520313293.0,296573778466.0,335561277693.0,1557763990846.0,824476897503.0,38960234769.0,2563519027315.0,860699099208.0,247246990465.0,43678194387.0,57291395111.0,,,3644504688.0,,,166549595266.0,-143053246034.0,-28650755657.0,
ok,2024,11013,,quarterly,quarterly_q1,CFS,3349119449353.0,223165347447.0,293281340169.0,315454861391.0,1543152371555.0,853661640247.0,38032377152.0,2495457809106.0,872535080710.0,252799739414.0,61382480799.0,71294111551.0,,,4054941539.0,,,100555722858.0,-28264870467.0,3507429403.0,
ok,2024,11014,,quarterly,quarterly_q3,CFS,3488564345012.0,191805046569.0,290974865030.0,316075978469.0,1544839570417.0,906352646800.0,37387577483.0,2582211698212.0,850390703996.0,236866023992.0,37602265991.0,52115126692.0,,,4122606185.0,,,205135652244.0,-267223619730.0,106558144047.0,
ok,2025,11011,,annual,annual,CFS,3822122467403.0,253539960716.0,322700751452.0,353314247728.0,1586058613556.0,990936608000.0,42098650290.0,2831185859403.0,3514315500097.0,1018934417291.0,183933032197.0,218127845765.0,170054449646.0,,21274824530.0,,,268700833743.0,-116836707850.0,-41189063184.0,
ok,2025,11012,,half_year,half_year,CFS,3604665775874.0,184277116772.0,312520222328.0,324258091106.0,1502386263961.0,942790843409.0,38893918288.0,2661874932465.0,867725185755.0,244150794736.0,40152228653.0,47823938647.0,,,8896054584.0,,,129377692930.0,-41994807064.0,-35435008557.0,
ok,2025,11013,,quarterly,quarterly_q1,CFS,3676341664717.0,190713185321.0,309548183582.0,332937032384.0,1558528100431.0,979466382417.0,42137569644.0,2696875282300.0,893036319476.0,253108366055.0,56051767375.0,68502053993.0,,,4799081970.0,,,74163056542.0,-21683937166.0,-3343054837.0,
ok,2025,11014,,quarterly,quarterly_q3,CFS,3725550773568.0,174201065707.0,334320967897.0,327421987316.0,1549696277981.0,955704177987.0,40202396462.0,2769846595581.0,871156324854.0,260048384666.0,54375550192.0,60955521928.0,,,2433711351.0,,,198920227414.0,-123952810947.0,-38552692000.0,
api_error,2026,11011,조회된 데이타가 없습니다.,annual,annual,,,,,,,,,,,,,,,,,,,,,,013
ok,2026,11012,,half_year,half_year,CFS,4121962690361.0,219419791185.0,350424305799.0,362480183895.0,1733265126060.0,1111294749163.0,27513800000.0,3010667941198.0,956063105295.0,291818427588.0,59252095212.0,69584880570.0,,,5380974218.0,,,231174025511.0,-223840856907.0,-57278060038.0,
ok,2026,11013,,quarterly,quarterly_q1,CFS,4003402133392.0,260258189772.0,327752925937.0,362304048073.0,1653341035377.0,1080464268257.0,27032903899.0,2922937865135.0,934029005207.0,283385307211.0,67424701255.0,80901275059.0,,,6857769017.0,,,127930004595.0,-113502610458.0,-19160880431.0,
api_error,2026,11014,조회된 데이타가 없습니다.,quarterly,quarterly_q3,,,,,,,,,,,,,,,,,,,,,,013
